{"cameraMode":{"drawMode":0,"name":"Shaded","section":"Shading Mode"},"sceneLighting":true,"audioPlay":false,"sceneViewState":{"showFog":true,"showMaterialUpdate":false,"showSkybox":true,"showFlares":true,"showImageEffects":true,"showParticleSystems":true},"in2DMode":false,"pivot":{"x":2.9338200092315676,"y":6.600218296051025,"z":3.9433956146240236},"rotation":{"x":0.1946525126695633,"y":-0.796334445476532,"z":0.3323730528354645,"w":0.4663674235343933},"size":3.1225249767303469,"orthographic":false}