{"cameraMode":{"drawMode":0,"name":"Shaded","section":"Shading Mode"},"sceneLighting":true,"audioPlay":false,"sceneViewState":{"showFog":true,"showMaterialUpdate":false,"showSkybox":true,"showFlares":true,"showImageEffects":true,"showParticleSystems":true},"in2DMode":false,"pivot":{"x":2.091097831726074,"y":5.417760372161865,"z":1.2519142627716065},"rotation":{"x":0.27168944478034975,"y":-0.699079692363739,"z":0.332019567489624,"w":0.5720516443252564},"size":12.705411911010743,"orthographic":false}